text,label,score,source_url,char_len,word_len
Washington DC | Virginia | Maryland Bringing the Fun in Your Area ARTS & CRAFTS VENDOR REGISTRATION FAMILY / FUN FESTIVALS VENDOR REGISTRATION Arts & Crafts Events Photos Around The World Cultural Festival 2026 Around The World Food Vendor Registration 2025 Around The World Festival Non-Food Vendor Registration RSVP to the 2025 Around The World Festival Facebook Event Frederick Arts & Crafts Fair,NON-EVENT,0,https://chiceventsdc.com/business-networking-events-photos/,399,63
2025 Arts & Crafts Fair Vendor Registration Form,EVENT,2,https://chiceventsdc.com/business-networking-events-photos/,48,8
"National Harbor Arts & Crafts Fair 2025 Spring into Art Vendor Registration Form ~ National Harbor, MD Old Town Alexandria Arts & Crafts Fair",NON-EVENT,1,https://chiceventsdc.com/business-networking-events-photos/,141,24
2025 Old Town Alexandria Arts & Crafts Spring Fair ~ Mother’s Day Celebration,EVENT,2,https://chiceventsdc.com/business-networking-events-photos/,77,13
"Old Town Manassas Arts & Crafts Fair Silver Spring Arts & Crafts Fair 2025 Cultural Events Vendor Registration 2025 Family/ Fun Events Vendor Registration 2025 Beats, Bites and Brews in Old Town Alexandria Vendor Registration 2025 Oktoberfest in Old Town Alexandria Vendor Registration 2025 Oktoberfest in Old Town Manassas Vendor Registration 2025 Alexandria Fall-O-Ween Vendor Registration 2025 National Harbor Christmas Market and Holiday Craft Show Vendor Registration 2025 Old Town Alexandria Christmas Market and Holiday Craft Show Vendor Registration Form 2025 Old Town Manassas Christmas Market and Holiday Craft Show Vendor Registration Form 2025 Silver Spring Christmas Market and Holiday Craft Show Vendor Registration Form 2025 Woodbridge/ Stonebridge Christmas Market and Holiday Craft Show Vendor Registration",NON-EVENT,1,https://chiceventsdc.com/business-networking-events-photos/,823,116
"December 20, 2025 – Woodbridge Arts & Crafts Christmas Market Vendor Registration",EVENT,3,https://chiceventsdc.com/business-networking-events-photos/,81,12
2025 Single Event Vendor Registration 2025 Multiple Events Vendor Registration COVID-19 SAFETY ACKNOWLEDGEMENT — LIABILITY WAIVER AND RELEASE OF CLAIMS © 2025 All right reserved by Chic Events DC. Unauthorized use and/or duplication of all and any material found on this website is strictly prohibited. a division of Royal Events Group © 2020 All rights Reserved. Design by Elementor,NON-EVENT,1,https://chiceventsdc.com/business-networking-events-photos/,383,59
"Around The World Cultural Food Festival is the signature event of the International Cultural and Educational Development Fund, a 501 (c)(3) non-profit organization who supports children’s creative abilities and promotes educational development in arts, culture and humanities in order to preserve artistic and cultural heritage. First and foremost, Around the World Cultural Food Festival is the LARGEST Cultural Food Festival in the DMV area that brings together, under the same roof, dozens of countries that will share their culture and traditions! Recognition of your company through a wide range of festival branding; Inclusion of company’s name in Festival’s Program; Website Logo and Link to Sponsor’s home page. Why we need your support? The event is admission FREE and without the Festival’s Sponsors and Supporters, we would not be able to grow this event and push it to its full potential. Your sponsorship will help defray the cost of organizing the event; funds received from sponsorship are used in all aspects of producing the festival. Cash sponsorship and in-kind donations of materials, equipment, and supplies are the base and support of having this event admission free. Sponsorship of the Around the World Cultural Food Festival will be of utmost importance to the Festival, the community of DC, and the DMV area. Your Sponsorship support is needed to bring all these plans to fruition and ensure the long-term relevancy of these cultural institutions in our community. Please fill out the Sponsorship Registration Form below: Email Address (please use your best contact email address as this will be used to receive further information on event's day of logistics). Please enter your email, so we can follow up with you. Website / Facebook/ Instagram (link required - i.e. https://www.chiceventsdc.com) How did you hear about our events? Other Web Searches (please list them below) Other Participating Vendor (please provide their name below) Our Event Staff (please provide their name below) For Other Web Searches, Other Vendor and Event Staff, please list their names so we can show our appreciation Which event are you interested in attending BRONZE SPONSOR - will receive name and small logo recognition in all advertisements, website, social media. 10x10 on site space in Prime location, if desired. SILVER SPONSOR - will receive name and large logo recognition in all advertisements, website, and social media. 10x10 on site space in Prime location, next to all Food Vendors, if desired. GOLD SPONSOR will receive name and large logo recognition in all advertisements, website, and social media.  Sponsor opportunities in their choice of ONE (1) of Chic Events DC’s festivals in the DMV area. 10x10 on site Sponsor Tent in Prime location, next to all Food Vendors, if desired. Other opportunities are negotiable. DIAMOND SPONSOR will receive name and large logo recognition in all advertisements, press release, website, and social media.  Sponsor opportunities in their choice of two (2) of Chic Events DC’s festivals in the DMV area. 10x20 on site Sponsor Tent in Prime location, next to all Food Vendors, if desired. Other opportunities are negotiable. Sponsor Booth Payment (please select Vendor Booth Fee from the drop-down menu) Please select Vendor Type from the drop-down menu Bronze Sponsor, 10x10 Space - $2000 Silver Sponsor, 10x10 Space - $3,500 Gold Sponsor, 10x10 Space - $5,000 Diamond Sponsor, 10x20 Space - $10,000 Presenting Sponsor, 20x20 Space - 15,000 Additional Notes/ Requests (based on availability. An additional invoice will be sent if the requested space is available). Participation in the FACEBOOK LIVE EVENT the day of the event ($95 additional) - Vendor has the opportunity to participate in a Facebook Live Event on the Chic Events DC’s event page the day of the event directly from their booth! Vendor will be allocated up to 30 minutes to present all products they have for sale the day of the event and promote their website or online store. This service is available to vendors registered in the live event only and will be assisted by the organizer's staff present at the event. Limited number of spots available per event. Tent Rental ($255 additional - includes tent weights, set up and break down) Vendor Marketing and Promotion ($275 additional) - Vendor will be promoted on all Chic Events DC's and Around The World Festival's social media channels once a week from the time they register and pay for the Vendor Marketing services and until the event date. Please describe the products you plan on vending at the event in as much detail as possible. Upload your Logo (this image will be used to list your business on our website and on the event page) Click or drag a file to this area to upload. Total (tax included). Payment link will appear once the registration form is submitted. If payment is not submitted immediately, you will have to re-submit the Vendor Registration Form. I have read and understand the COVID-19 SAFETY ACKNOWLEDGEMENT -- LIABILITY WAIVER AND RELEASE OF CLAIMS listed in the footer of the website. By checking the box and registering for Chic Events DC's event, I acknowledge that I have read and I agree to abide by the COVID-19 SAFETY ACKNOWLEDGEMENT -- LIABILITY WAIVER AND RELEASE OF CLAIMS for listed below. I also understand that the day of the event I will be required to complete a Vendor COVID-19 Self Screening Questionnaire. Failure to complete it will result in not being allowed to participate in the event with no possibility of receiving a refund for the registration fee. Payment Method (Pay via PayPal; you can pay with your credit card if you don’t have a PayPal account). Payment link will appear once the registration form is submitted. If payment is not submitted immediately, you will have to re-submit the Vendor Registration Form. I have read, understand and agree to the Vendor Contract, Policies, Rules and Regulations listed in the footer of the website. Vendor Fees are Non-Refundable and Non-Transferable. Vendor Spaces are Not Shareable with other vendors. Please note that Chic Events DC is a division of Royal Events LLC. Charges on your credit card will appear as ""Vendor Registration Fee"" from Royal Events LLC. Thank you for your support! © 2025 All right reserved by Chic Events DC. Unauthorized use and/or duplication of all and any material found on this website without express and written permission from this website’s author and/or owner is strictly prohibited. Excerpts and links may be used only with written permission from the website’s owner, provided that full and clear credit is given to Chic Events DC with appropriate and specific direction to the original content, no exceptions.",NON-EVENT,1,https://chiceventsdc.com/2025-atw-sponsorship-opportunities/,6730,1095
RSVP to the Facebook Event Visit and RSVP to the,NON-EVENT,0,https://chiceventsdc.com/rsvp-to-the-facebook-event/,48,10
2025 Around The World Cultural Food Festival,EVENT,2,https://chiceventsdc.com/rsvp-to-the-facebook-event/,44,7
If you are an Ethnic Food Vendor interested in participating in our,NON-EVENT,0,https://chiceventsdc.com/2026-around-the-world-food-vendor-registration/,67,12
2026 Around The World Cultural Food Festival,EVENT,2,https://chiceventsdc.com/2026-around-the-world-food-vendor-registration/,44,7
", please fill out the online form. ** Please note: Registration is NOT completed and you are NOT accepted in the event until the Vendor Fee has been paid in full. ** *** REGISTRATION FOR 2025 IS CLOSED, BUT WE ARE OPEN FOR 2026! ***",NON-EVENT,0,https://chiceventsdc.com/2026-around-the-world-food-vendor-registration/,232,45
"If you want to be part of our festival, please fill out the registration from below for 2026 Around The Wold Cultural Food Festival ***",EVENT,2,https://chiceventsdc.com/2026-around-the-world-food-vendor-registration/,135,25
Primary Contact E-mail (please use your best contact email address as this will be used to receive further information on event's day of logistics). Cannot be the same as the Primary one Primary Contact Phone Number (cannot be the same as the Primary one) Secondary Contact Name (cannot be the same as the Primary one) Secondary Contact E-mail (please use your best contact email address as this will be used to receive further information on event's day of logistics).,NON-EVENT,0,https://chiceventsdc.com/2026-around-the-world-food-vendor-registration/,469,79
"August 29, 2026 - Around The World Cultural Food Festival ~ Oronoco Bay Park, Alexandria, VA (11am - 7pm)",EVENT,3,https://chiceventsdc.com/2026-around-the-world-food-vendor-registration/,105,19
"Vendor Type (Licensed Businesses ONLY) - Choose One COUNTRY Represented in the Festival (we only accept 1 vendor per country, so if the country is already represented by another food vendor, please do not register) 2025 ATW ~ Food Tent Vendor Single Booth, 10x10 Space - $1,295 2025 ATW ~ Food Truck 10x20 Space - 1,295 2025 ATW ~ Food Truck 10x30 Space - $1,995 2025 ATW ~ Food Truck 10x40 Space ~ $2,495 Desserts Vendor Single Booth, 10x10 - 795 - ON SITE COOKING (NO ICE CREAM PRODUCTS!) Desserts Vendor Single Booth, 10x20 - 595 - PRE-PACKAGED ONLY (NO ICE CREAM PRODUCTS!) Desserts Vendor Double Booth, 10x20 Space - SOLD OUT Desserts Vendor Truck - SOLD OUT Ice Cream Single Booth, 10x10 Space - SOLD OUT Ice Cream Truck - SOLD OUT Snow Cone/ Shaved Ice Truck - SOLD OUT Snow Cone/ Shaved Ice, Single Booth, 10x10 Space - SOLD OUT Smoothies Single Booth, 10x10 Space - SOLD OUT Smoothies Truck - SOLD OUT Virtual Vendor - Vendor will not be present on site the day of the event, but will be promoted in the event as an Online Vendor the week of the event (online reach over 1 million people) ~ $245 Additional Notes/ Requests (available on a first come, first serve basis). You will receive a separate invoice for it. Specific booth request ($45 additional) Tent Rental ($250 additional - includes tent weights, set up and break down) Vendor Marketing and Promotion ($175 additional) I have read and understand the COVID-19 SAFETY ACKNOWLEDGEMENT -- LIABILITY WAIVER AND RELEASE OF CLAIMS listed in the footer of the website Menu presented in the festival – all dishes are REQUIRED to be ethnic, traditional dishes, originated in the country you represent. Please be aware of the festival concept and requirements to present ONLY traditional food (i.e: fusion, mix, etc. dished are NOT allowed). NO refunds for the registration fee will be approved once your registration is approved and email sent confirming your participation in the festival. By agreeing to the Terms and Conditions in the Food Vendor Registration Form, you agree to the stipulated terms and conditions regarding the menu. No beverages are allowed for sale in the festival, no exception. Proof of Insurance naming Royal Events Group as Additional Insured",NON-EVENT,0,https://chiceventsdc.com/2026-around-the-world-food-vendor-registration/,2230,381
"Late Fee Documentation Submission – $150. If all required documents are NOT received by June 1, 2025, a $150 late submission fee will be assessed.",EVENT,2,https://chiceventsdc.com/2026-around-the-world-food-vendor-registration/,146,25
"Required and Not Included in the registration fee: Tent, tables, chairs (vendor provides full set up. Flame retardant certification required for the tent) Electricity (not available on site; vendor can use their own generator) Open Flame Permit from Alexandria County Fire Marshal Temporary Food Permit from Alexandria Health Department Around the World Cultural Food Festival is focused on promoting local establishments. Keeping that in mind, only restaurants and catering companies that have a business license will be allowed to submit entries. Due to limited space at the Around the World Cultural Food Festival, spacing selected will be on a first come, first paid basis. All selected food vendors, must adhere to the following: •Per health code regulation, restaurant personnel should adhere to all rules and regulations specified in the contract. •All vendors are required to sign Vendor Contract upon registration (contract will be presented to you upon approval of your participation). •Your participation in the festival will not be granted until all required documents are submitted and the registration fee is paid in full. VENDOR GENERAL INFORMATION, RULES AND REGULATIONS Each vendor is provided with a 10’ x 10’ space which can accommodate a 10×10 tent. If available, if you go outside the 10×10 space, you will have to pay for additional space! Vendors need to provide their own set up, including tent, tables and chairs for displaying the merchandize. Vendors understand that are responsible for all needed display props, including table/chairs/hanging materials/signs/etc. All tents MUST be anchored with weights on all legs. If a tent has no weights, you will be asked to take it down, due to liability issues. Electrical requirements are limited. Please contact the event organizer for any electrical needs. Usually set up starts 2 hours before the event start time and break down occurs right after the event ends. More detailed information regarding each of our events, including the Vendor Layout is emailed one to two weeks prior to the event date. For any questions, you can always contact our office at 703.889.0202 between normal business hours. Vendors are NOT allowed to share booth spaces; all vendors are welcome, but they must register for their own booth space. If we see that you share a booth space with another vendor not registered in the event with their own booth space, the vendor who is not registered with our company will be asked to leave the event premises, NO EXCEPTIONS. Food items, including jams, teas, spices, etc cannot be displayed for sale in the same tent with jewelry, clothing items, bath and body items, etc. The best and easiest way to keep in touch with our announcements on upcoming events, special promotions, and/ or last calls for vendors is to sign up for our Vendor E-newsletter. Please keep in mind you may receive emails regarding events that may not be in your area of interest, but we recommend you to keep an eye on all emails received from us as otherwise you may miss important announcements regarding upcoming festivals you may be interested in. Certificate of Insurance adding Royal Events Group as an additional insured for the day of the event is a requirement for all Food and Beverage Vendors participating in any of the events. While Event premises are being occupied under this agreement, the organizer will provide All participating vendors are required to accept both cash and credit card payments, NO EXCEPTIONS. Please be advised that wifi is NOT available on site, so please plan accordingly. Each exhibitor is responsible for collecting the state sales tax and filing a report with the local Department of Revenue. For any questions or more information, please contact your accountant or the local Department of Revenue; our staff is not certified to provide or answer any tax related questions. WE DO NOT ISSUE REFUNDS FOR CANCELLATIONS. Vendor fee is Non-Refundable and Non-Transferable. In case the event must be cancelled for reasons out of organizer’s control (i.e. inclement weather as tornadoes and hurricanes, government imposed regulations, Act of God, venue related issues, etc.), event will be rescheduled and the new date will be announced to all registered vendors in the event. Refunds will not be accepted due to already inquired expenses on organizer’s behalf as advertising and promotion, permits and licenses, venue rental fees, etc. In case the organizer must cancel the event with no rescheduled date set, vendor fees will be refunded. Day Before/ Same Day Cancellations and No-Shows Promoting other events in our festivals and events is strictly prohibited. If we see you promote other event within ours, you will be asked to remove all information related to that particular event. Vendors can distribute flyers, business cards, coupons, menus, or other material to patrons within their vendor booth area, but please DO NOT SHARE flyers from other events endor understands that, in special occasion, their booth will be relocated in a different area, most likely a better one, depending on the cancellations and/ or no-shows the day of the event, in order to maintain the overall flow and visual appearance of the event’s layout. This change will be communicated by the on site Event Manager, the day of the event. Alcohol is NOT allowed on event’s grounds – not for sale and not for personal consumption. Weather / Rain or Shine Policy",NON-EVENT,0,https://chiceventsdc.com/2026-around-the-world-food-vendor-registration/,5445,885
"COVID Policy (Addendum to Vendor Fees as of September 1, 2020 (revised March 1, 2021, revised February 2022)",EVENT,2,https://chiceventsdc.com/2026-around-the-world-food-vendor-registration/,108,18
"In special cases as the COVID-19 pandemic, vendor understands that no refunds will be processed as to already inquired expenses on organizer’s behalf as venue rental fees, permits and licenses, advertising and promotion, etc. Organizer will work with vendors to offer credit options towards another festivals and events in the coming year, hence 2023; a tentative schedule of events will be released by mid/ late 2022. the rules & regulations before submitting the Vendor Registration Form. We make every attempt to review all information contained within the pages of this website and at the time of posting all information is believed to be accurate and complete. Organizer has final rights for interpretations and disclosure and reserves the right to change any information as it becomes necessary. Any changes will be disclosed to all parties involved as soon as they become available to us via e-mail or phone, as we feel best for confirmed parties. Anticipated attendance: 45,000 – 50,000 people for the day (2023 attendance – 50,000 for the day) •All required certificates (copies) must be submitted with the completed application. •Vendor fees are Non-Refundable. This is a Rain or Shine event . •ALL PROCEEDS from vendor sales will belong to the vendor. •No commissions will be assessed. Vendors are responsible for collecting sales tax and for reporting earnings to IRS and VA Tax Office.",NON-EVENT,1,https://chiceventsdc.com/2026-around-the-world-food-vendor-registration/,1398,225
"To register as a Vendor, please click on the Event Flyer below: If you are an Arts & Crafts, Food or Dessert, Direct Sales or even General Vendor interested in participating in our Arts & Crafts Fairs, please fill out the online form. Vendor Registration Fee for a single event can be paid online, using the link below. For registration to more than one event, please contact us, or fill out the and email it back to us at ArtsandCrafts@Royal-EventsPlanning.com. ** Please note: Registration is NOT completed and you are NOT accepted in the event until the Vendor Fee has been paid. ** E-mail (please use your best contact email address as this will be used to receive further information on event's day of logistics). Please add us to your Contact List, so you will not miss any emails from us. Website / Facebook/ Instagram (link required - i.e. https://www.chiceventsdc.com). This information will be used to promote your business, so please be accurate when including the links.",NON-EVENT,0,https://chiceventsdc.com/frederick-arts-crafts-fair/,982,167
"SEPTEMBER 13, 2025  – OLD TOWN MANASSAS ART SHOW AND CRAFT FALL FAIR – MANASSAS MUSEUM, MANASSAS, VA (10am – 3pm) OCTOBER 12, 2025  – SILVER SPRING ARTS & CRAFTS FALL FAIR – VETERANS PLAZA, SILVER SPRING, MD (1pm – 6pm)",EVENT,2,https://chiceventsdc.com/frederick-arts-crafts-fair/,219,41
"Arts & Crafts (handmade products only - i.e. jewelry, art, bath and body products, etc; except for clothing and accessories) Clothing & Accessories (handmade items only) Independent Consultants for Direct Sales Companies (i.e. Mary Kay, Paparazzi, Avon, Scentsy, Color Street, Lularoe, etc) General (i.e. home remodeling, law offices, insurance agencies, etc and other commercial businesses) Non-Profit Organization (501 c(3) organizations only). All other non-profits fall under the General Vendor category Vendor Booth Payment (please select Vendor Type from the drop-down menu) Arts & Crafts Single Booth, 10x10 - $145 Arts & Crafts Double Booth, 10x20 - $245 Clothing & Accessories Single Booth, 10x10 - $165 Clothing & Accessories Double Booth, 10x20 - $265 Independent Consultants for Direct Sales Companies Single Booth, 10x10 - $165 Independent Consultants for Direct Sales Companies Double Booth, 10x20 - $265 Ice Cream Single Booth, 10x10 Space - $265 Ice Cream Truck - $365 Snow Cone, Single Booth, 10x10 Space - $265 Snow Cone Truck - $365 Smoothies Single Booth, 10x10 Space - $265 Desserts, Treats & Spices Vendor Single Booth, 10x10 - $199 Desserts, Treats & Spices Vendor Double Booth, 10x20 - $299 Food Tent Vendor Single Booth - $495 Food Truck Vendor - $495 Food Tent Vendor Double Booth, 10x20 - $695 General Vendor Single Booth, 10x10 - $395 General Vendor Double Booth, 10x20 -  $695 Non-Profit Organization, Single Booth 10x10 - $249 Virtual Vendor - Vendor will not be present on site the day of the event, but will be promoted in the event as an Online Vendor the week of the event ~ $55 Total (taxes included). Payment link will appear once the registration form is submitted. If payment is not submitted immediately, you will have to re-submit the Vendor Registration Form. PRIME Booth Location ($45 additional) Specific Booth request - includes electricity request, where available ($35 additional) Participation in the FACEBOOK LIVE EVENT the day of the event ($55 additional) - Vendor has the opportunity to participate in a Facebook Live Event on the Chic Events DC’s event page the day of the event directly from their booth! Vendor will be allocated up to 30 minutes to present all products they have for sale the day of the event and promote their website or online store. This service is available to vendors registered in the live event only and will be assisted by the organizer's staff present at the event. Limited number of spots available per event. Tent Rental ($105 additional - includes tent weights, set up and break down) Vendor Marketing and Promotion ($50 additional) - Vendor will be promoted on all Chic Events DC's social media channels once a week for 4 weeks prior to the event date.",NON-EVENT,1,https://chiceventsdc.com/frederick-arts-crafts-fair/,2736,449
"2025 Spring into Art (Mother’s Day Celebration) Vendor Registration Form ~ National Harbor, MD",EVENT,2,https://chiceventsdc.com/2025-spring-into-art-national-harbor/,94,14
"If you are an Arts & Crafts, Food or Dessert, Direct Sales or even General Vendor interested in participating in our Cultural Festivals, please fill out the online form. Vendor Registration Fee for a single event can be paid online, using the link below. For registration to more than one event, please fill out the 2025 MULTIPLE EVENTS REGISTRATION FORM ** Please note: Registration is NOT completed and you are NOT accepted in the event until the Vendor Fee has been paid in full. *** SOLD OUT!!!! SEE YOU IN 2026!!!! 🙂 Vendor has the option to select the Prime Location and/ or Corner Booth in the Vendor Registration From. Selecting these options does not guarantee having them. If the Prime Location and or Corner Booth are available, you will receive a separate email with invoice to submit payment for them. Prime Location spaces are the first ones to sell out and Corner Spaces are the second ones to sell out, so if you are interested in these additional options, please plan accordingly and select them as soon as you register for your booth space. We do not offer vendor category exclusivity for none of the categories listed in our vendor registration form except for the Direct Sales category (i.e.: Mary Kay, Scentsy, Avon, Paparazzi, etc), as all products are the same. As an artisan and crafter, we consider all items to be unique and we do not have a cap for handmade items, no matter the category. If you are interested in being the only vendor representing a category in one of our events, then you will be considered a Sponsor and booth fee will be displayed accordingly. In special cases and only if approved – if a vendor requires to transfer a registration fee from an event to another, there are several conditions that must be met: event cannot take place within 6 months from the date of the transfer request (i.e. if you are registered for an event in January, you can only transfer to an event happening after June) a $35 + taxes processing fee will be assessed for any transfers made no more than 1 transfer per vendor per year is allowed. Same Day Cancellations and No-Shows",NON-EVENT,1,https://chiceventsdc.com/2025-spring-into-art-national-harbor/,2104,372
"COVID Policy (Addendum to Vendor Fees as of September 1, 2020 (revised March 1, 2021, revised February 2022))",EVENT,2,https://chiceventsdc.com/2025-spring-into-art-national-harbor/,109,18
"Anticipated attendance: 2,000- 2,500 people for the day. ** Anticipated attendance is calculated as an average attendance for the events category (i.e. Arts & Crafts) based on each event’s attendance for the past 3 years. As outdoor events, please keep in mind that attendance is impacted by the weather conditions. ** © 2025 All right reserved by Chic Events DC. Unauthorized use and/or duplication of all and any material found on this website without express and written permission from this website’s author and/or owner is strictly prohibited. Excerpts and links may be used, provided that full and clear credit is given to Chic Events DC with appropriate and specific direction to the original content, no exceptions.",NON-EVENT,0,https://chiceventsdc.com/2025-spring-into-art-national-harbor/,723,116
"If you are an Arts & Crafts, Food or Dessert, Direct Sales or even General Vendor interested in participating in our Arts & Crafts Festivals and Fairs, please fill out the online form below. event cannot take place within 6 months from the date of the transfer request (i.e. if you are registered for an event in July, your request for transfer must be received no later than February and you can only transfer to an event happening after July, if and only the event you are transferring to/ from is not closed for registration. If the event you requested to be transferred to/ from is closed for registration, then the transfer can no longer take place. ) Anticipated attendance: 2,000 – 2,500 people for the day.",NON-EVENT,1,https://chiceventsdc.com/2025-arts-crafts-fair/,714,127
"If you are an Arts & Crafts, Small Business (i.e.: Clothing and Accessories, Literature, Direct Sales, etc) or a Commercial Vendor interested in participating in our Around The World Cultural Food Festival, please fill out the online registration form.",NON-EVENT,1,https://chiceventsdc.com/around-the-world-festival-non-food-vendor-registration/,252,39
"August 23, 2025 ~ Oronoco Bay Park, Alexandria, VA (11am - 7pm)",EVENT,2,https://chiceventsdc.com/around-the-world-festival-non-food-vendor-registration/,63,12
What Country do you represent?,NON-EVENT,0,https://chiceventsdc.com/around-the-world-festival-non-food-vendor-registration/,30,5
"Vendor Type (Vendor Fees will increase starting November 1, 2022)",EVENT,2,https://chiceventsdc.com/around-the-world-festival-non-food-vendor-registration/,65,10
"Clothing and Accessories (handmade items only) Teas and Spices (small businesses only) Commercial Vendor (i.e.: home improvement, home food services, travel agencies, etc) Non-Profit Organization (501 c(3) charitable organizations only) Vendor Booth Payment (please select Vendor Booth Fee from the drop-down menu) Arts & Crafts Vendor, Single Booth 10x10 - $275 Arts & Crafts Vendor, Double Booth, 10x20 - $475 Clothing & Accessories Single Booth, 10x10 - $275 Clothing & Accessories Double Booth, 10x20 - 475 Independent Consultants for Direct Sales Companies Single Booth, 10x10 - $275 Independent Consultants for Direct Sales Companies Double Booth, 10x20 - $475 Herbs, Honey, Sauces & Spices (small businesses only), Single Booth, 10x10 - $275 Herbs, Honey, Sauces & Spices (small businesses only), Double Booth, 10x20 - $475 Commercial Vendor Single Booth, 10x10 - $545 Commercial Vendor Double Booth, 10x20 - $845 Non-Profit Organization (501c(3) charitable organizations only) Single Booth, 10x10 - $445 Non-Profit Organization (501c(3) charitable organizations only) Double Booth, 10x20 - $699 Virtual Vendor - Vendor will not be present on site the day of the event, but will be promoted in the event as an Online Vendor the week of the event (online reach over 1 million people) ~ $175 PRIME Booth Location ($75 additional) Specific Area Booth Request ($65 additional) Anticipated attendance: 45,000 – 50,000 people for the day (2023 attendance – 50,000 people for the day)",NON-EVENT,0,https://chiceventsdc.com/around-the-world-festival-non-food-vendor-registration/,1484,227
"2019, October – Silver Spring Crafts, Desserts & Sweets Fair Holiday Crafts, Desserts & Sweets – Manassas Museum, Manassas, VA, Ida Lee Recreation Center, Leesburg, VA, – Ida Lee Recreation Center, Leesburg, VA Bratwurst, BBQ and Mulled Wine Fall Festival",NON-EVENT,1,https://chiceventsdc.com/family-fun-events-photos/,255,40
"WECOME TO THE 2025 VENDOR VIRTUAL SHOWCASE EVENTS! We are happy to announce that we will continue our Virtual Showcase events in 2024! TAKE ADVANTAGE OF OUR ONLINE OUTREACH (over 1 million people reach on our combined social media channels) AND GROW YOUR BUSINESS OUTSIDE YOUR PHYSICAL LOCATION! A Virtual Vendor Showcase event is the best way to promote and sell your products and / or services outside of your physical location. Unlike an in-person event (fair, festival, craft show, etc), through an online event you have the possibility of reaching a much larger audience from all around the world; it all depends on you and your area of shipping and/ or servicing – you can stay local, or you can go global!! Through the Virtual Showcase Events, we are offering you the perfect platform to make your business known to thousands of people from different parts of US and not only (you can view our online outreach below). Please remember that you will still have to have an e-commerce for people to view your products and purchase them and we recommend you to take advantage of our social media presence to post your items and increase your sales! With this being said… are you ready to take your business to the next level?? This year, we are inviting you to join us on an ONLINE shopping spree! Considering the COVDI-19 pandemic, more and more people are redirecting their attention through online shopping. Therefore, for this year, we are offering our clients the option to shop the unique products they are used to from our vendors from the comfort of their own homes. If you are a vendor interested in joining the online events, please read carefully the description for each event to make sure you qualify as a vendor. There are ten (10) different events we are hosting, so you can choose one or more that are applicable to the products you sell.",NON-EVENT,1,https://chiceventsdc.com/2025-virtual-vendor-showcase-events/,1856,324
"February 3 – 7, 2025 ~ The Perfect Valentine’s Gift ~ Last Minute Valentine’s Day Deals and Steals Virtual Show",EVENT,2,https://chiceventsdc.com/2025-virtual-vendor-showcase-events/,111,20
"~ OPEN for ALL TYPES OF JEWELRY, BATH & BODY, CANDLES, CLOTHES, DECORATIONS, etc. (direct sales vendors accepted)",NON-EVENT,0,https://chiceventsdc.com/2025-virtual-vendor-showcase-events/,113,18
"April 28 – May 2, 2025 ~ Mother’s day Celebration  ~ Online Shopping Event October 20 – 24, 2025 ~ Trick or Treat Arts & Crafts Virtual Holiday Show November 24 – 28, 2025 ~ Black Friday Virtual Holiday Market ~ Jewelry, Bath & Body and Home Decor",EVENT,3,https://chiceventsdc.com/2025-virtual-vendor-showcase-events/,247,48
"ecember 8 – 12, 2025 ~ Tis’ The Season for Last Minute Deals and Steals ~ Virtual Holiday Craft Show ~ OPEN for UNIQUE, FINE HAND MADE JEWELRY, CLOTHING AND ACCESSORIES and UNIQUE, FINE ARTISANS AND CRAFTERS (direct sales vendors not accepted) If Interested in joining the event as a vendor, please fill out the form below. Please keep in mind we accept a limited number of Vendors per event. Which event are you interested in attending ( we accept ONLY 20 vendors per event)",NON-EVENT,1,https://chiceventsdc.com/2025-virtual-vendor-showcase-events/,475,85
"April 28 – May 2, 2025 ~ Mother’s Day Celebration  ~ Online Shopping Event October 20 – 24, 2023 ~ Trick or Treat Arts & Crafts Virtual Holiday Show November 24 - 28, 2025 ~ Black Friday Virtual Holiday Market Black Friday Virtual Holiday Market ~ Jewelry, Bath & Body and Home Decor December 8 - 12, 2025 ~ Tis’ The Season for Last Minute Deals and Steals ~ Virtual Holiday Craft Show",EVENT,3,https://chiceventsdc.com/2025-virtual-vendor-showcase-events/,385,73
"CHIC EVENTS DC MARKETPLACE FB GROUP VENDOR REGISTRATION - 1 month promotion (vendor will be able to promote its products One Day A Week for a month in the group) Desserts, Sweets & Other Treats General Vendor (home contractor, insurance agency, law office, etc.) Vendor Registration Fee. We accept a LIMITED number of Vendors per event. Please select the Vendor Type from the drop-down menu Artisans, Crafters and Independent Consultants - $55 (plus taxes) General and Non- Profit Organizations - $85 (plus taxes) CHIC EVENTS DC Marketplace FB Group Vendor -  $65 Payment Method (Pay via PayPal; you can pay with your credit card if you don’t have a PayPal account) Vendor Marketing and Promotion ($75 additional) - Vendor will be promoted once a day on the FB event,  every day for the duration of the event Please include the EXACT description of your products as you'd like to have it mentioned in the event (this will be copied and pasted in the online event exactly as you write it). Upload your Logo (required size 888 by 298 pixels, otherwise picture may look distorted). This image will be used to list your business on our website and on the event page) I have read and understand the Vendor Contract, Policies, Rules and Regulations VENDOR INFORMATION (please read carefully) Vendor will be officially registered for the event when registration form and payment are received. Registration fee is non refundable as your spot is being held and guaranteed in the event. Upon registration, you will receive an email confirming your participation in the event. One week before the virtual event opens, you will receive a second email with instructions and a detailed schedule for FB lives and posts, from which you can choose the days and times when you want to go live or you can submit posts; we strongly encourage you to participate every day in the virtual event. an e-commerce website, an Etsy or Facebook shop from where customers can purchase the items; the website you provide to us will be used for promotion of your business and general information on your products for the event. We also encourage you to join our Chic Events DC Arts & Crafts Marketplace group on Facebook where you can share and sell your items. Vendor is responsible for the all information included on their website, including but not limited to pictures, description and other details related to the items presented, as well as shipping and return policy.  Vendor must ship the item within 2 days from receiving the order. Vendor is responsible for any returns/ refunds. No items will be purchased from our website, nor are we affiliated with any transactions related to vendor’s products Virtual event will take place solely on Facebook (please check our Facebook page to see all upcoming events – , and will be shared on all Chic Events DC’s social media websites. The event lasts for 5 days – Monday through Friday, in which you will share and showcase your products through our Facebook event and through it, your website with the products will be available for purchase. The event will take place on Facebook, as listed below: CHIC EVENTS DC ARTS & CRAFTS MARKETPLACE GROUP This group will feature artwork from the artisans and crafters of Chic Events DC and will be promoted on all our social media pages. Please invite your family, friends, acquaintances to join the group – the more, the merrier! — Facebook event lives and posts (for Facebook event): Vendors are encouraged to use the Facebook event, as well as the Marketplace Group to promote their business and showcase their products and use the outreach we have in order to create more sales. Schedule for live participation and post submission will be emailed once vendor registration closes and will read as follows: — up to 1 hour Facebook Live — Tuesday and Thursday — up to 1 hour Facebook Posts — Monday, Wednesday and Friday Will take place on 2 dates: Tuesday and Thursdays from 11am to 6pm. As a vendor registered in the event you have the choice to participate in 1 or both dates for live events; we recommend both days. Choose the date(s) and time of your desired Facebook live. You have up to 1 hour for the presentation of your items, specials, promotions, etc. Please note times are assigned on a first come, first serve basis. How it works: You go live on your Facebook personal or business page (we recommend using the business page, as you will get more views and followers on your page) and then share your live in the Facebook event. One of our admins will approve your post as soon as you share it. Note: if you don’t want to do a Facebook live, you can also post a pre-recorded video presentation of your products during your Facebook live time slot. Do NOT delete your live post as soon as it ends; make sure you post it on your page as we are also sharing it in our groups and pages. As vendors registered in the event you will have the choice to participate in 1 or all 3 dates and submit posts of your promotions and/ or specials in the event; we recommend all 3 days. How it works: on Monday, Wednesday and Friday, vendors will choose a time slot of up to 1 hour to post in the event. Times for vendor posts are from 11am to 6pm every mentioned day. Please send us an email with your desired date(s) and time(s) for your presentation posts. Once you submit the posts, one of our admins will approve your post in the event. We recommend all participating Vendors to take advantage of our social media presence and submit as many posts as they can on a daily basis during the entire duration of the virtual event. Please keep in mind we do not promote each vendor participating in the event on a daily basis, unless they paid for the marketing and promotion, but we do promote and share the event all together. It’s Vendor’s responsibility to share and promote their products to the best of their knowledge in order to generate sales. Virtual Vendor Events will be promoted on all platforms as mentioned below, as well as paid advertising though Facebook, but as vendors participating in the event, we ask you to invite your contacts in the Facebook event; the more people, the more sales!! All events will be promoted on Chic Events DC media channels. All events will be promoted on Chic Events DC Facebook page – All events will be promoted on the Events in Washington DC, Virginia and Maryland Facebook group – All events will be promoted in the Vendor Events in DMV – All events will be promoted in the Professional Women in DMV meetup group – All events will be promoted in the Exhibitions, Events, Trade Shows, Fairs & Festivals in DMV – Exhibitions, Events, Trade Shows, Fairs & Festivals in DMV All events will be promoted in the Professional Women in DMV Facebook Group – All events will be promoted in Promote your Business in DC, MD and VA – All events will be promoted in the Vendors for Online Events (vendors from all around the world welcome!) – All events will be promoted in the Food Vendors & Events in Washington DC Metro Area – Food Vendors & Events in Washington DC Metro Area All events will be promoted in the Chic Events DC Arts & Crafts Marketplace –",NON-EVENT,0,https://chiceventsdc.com/2025-virtual-vendor-showcase-events/,7150,1263
"– group just relaunched September 28, 2022 –",EVENT,2,https://chiceventsdc.com/2025-virtual-vendor-showcase-events/,44,8
"** Note: Members and followers updated in September, 2022. These numbers may change as the members and followers of the groups and pages increase. **",NON-EVENT,1,https://chiceventsdc.com/2025-virtual-vendor-showcase-events/,149,25
"If you are a Vendor Interested in Registering for Multiple Events, please fill out the form below with all the information. Registration Fees are per event. Please note that in order to complete your registration and have your participation confirmed, you need to submit both the To register for more than 1 event, please fill out the Online Multiple Events Vendor Registration Form below, or you can fill out the pdf form (click on the link – 2025 MULTIPLE EVENTS REGISTRATION FORM ) and email it back to us. The process is detailed below: once you submit the Vendor Registration form, you will receive an invoice including all the festivals you listed in the form, as well as any additional notes as corner booth, prime location, electricity, etc. Upon delivery of the invoice, the credit card included in the registration form will be processed in the amount shown on the invoice and, if transaction is completed, a confirmation email will be sent to the email address listed in the registration form. The invoice will come from Royal Events Group, our parent company. To benefit from the Multiple Events Discount, payment for all events must be made at the same time. For Past and Expected Attendance per event, please visit each Festival Category for specific events. *** Around The World Festival and ALL Christmas Markets DO NOT count, nor qualify for the Multiple Events Discount *** Vendor Booth Fees in this form are noted as a range, because vendor fees vary depending on the event category. To view the exact vendor fee to the event you are interested in, please visit the 2025 Single Event Vendor Registration Form and click on the event you are interested in attending. Once payment is processed and E-mail (please use your best contact email address as this will be used to receive further information on event's day logistics). Which events are you interested in attending (list below includes both IN-PERSON and VIRTUAL events)",NON-EVENT,0,https://chiceventsdc.com/2025-multiple-events-vendor-registration/,1944,328
"JULY 20, 2025-SILVER SPRING INTERNATIONAL FOOD & CRAFT FESTIVAL – VETERANS PLAZA, SILVER SPRING. MD (1pm – 7pm) AUGUST 23, 2025– AROUND THE WORLD CULTURAL FOOD FESTIVAL – ORONOCO BAY PARK, ALEXANDRIA, VA (11am – 7pm) AUGUST 30, 2025  – FREDERICK END OF SUMMER CELEBRATION - CARROLL CREEK PARK, FREDERICK, MD (11am – 5pm) SEPTEMBER 7, 2025 – SILVER SPRING END OF SUMMER CELEBRATION – VETERANS PLAZA, SILVER SPRING, MD (2pm – 7pm) SEPTEMBER 13, 2025 – OLD TOWN MANASSAS ART SHOW AND CRAFT FALL FAIR – MANASSAS MUSEUM, MANASSAS, VA (10am – 4pm) SEPTEMBER 20, 2025  – OKTOBERFEST in OLD TOWN MANASSAS  – MANASSAS MUSEUM, MANASSAS, VA (10am – 5pm) SEPTEMBER 27, 2025 – ALEXANDRIA OKTOBERFEST @ JOHN CARLYLE SQUARE, ALEXANDRIA, VA (11am – 6pm) OCTOBER 25, 2025  - WOODBRIDGE/ STONEBRIDGE FALL-O-WEEN  - STONEBRIDGE, WOODBRIDGE, VA (11am – 5pm) OCTOBER 26, 2025  - OLD TOWN MANASSAS FALL-O-WEEN  - MANASSAS MUSEUM, MANASSAS, VA (10am – 4pm) OCTOBER 26, 2025  ~ FALL-O-WEEN IN SILVER SPRING – VETERANS PLAZA, SILVER SPRING, MD (12pm – 5pm) NOVEMBER 1, 2025 - ALEXANDRIA FALL-O-WEEN - JOHN CARLYLE SQUARE, ALEXANDRIA, VA (11am – 5pm) NOVEMBER 21, 2025 – WOODBRIDGE/ STONEBRIDGE CHRISTMAS MARKET AND HOLIDAY CRAFT SHOW ~ STONEBRIDGE, WOODBRIDGE VA (5pm – 9pm) NOVEMBER 29, 2025 – OLD TOWN MANASSAS CHRISTMAS MARKET AND HOLIDAY CRAFT SHOW  - MANASSAS MUSEUM, MANASSAS,  VA (10am – 3pm)",EVENT,2,https://chiceventsdc.com/2025-multiple-events-vendor-registration/,1374,228
"NOVEMBER 29th – NATIONAL HARBOR CHRISTMAS MARKET AND HOLIDAY CRAFT SHOW – AMERICAN WAY PARK, NATIONAL HARBOR, MD (12pm – 6pm) NOVEMBER 30th – NATIONAL HARBOR CHRISTMAS MARKET AND HOLIDAY CRAFT SHOW – AMERICAN WAY PARK, NATIONAL HARBOR, MD (12pm – 6pm) DECEMBER 6th  – NATIONAL HARBOR CHRISTMAS MARKET AND HOLIDAY CRAFT SHOW – AMERICAN WAY PARK, NATIONAL HARBOR, MD (12pm – 6pm) DECEMBER 7th  – NATIONAL HARBOR CHRISTMAS MARKET AND HOLIDAY CRAFT SHOW – AMERICAN WAY PARK, NATIONAL HARBOR, MD (12pm – 6pm)",NON-EVENT,1,https://chiceventsdc.com/2025-multiple-events-vendor-registration/,503,84
"DECEMBER 7, 2025 – SILVER SPRING CHRISTMAS MARKET AND HOLIDAY CRAFT SHOW – VETERANS PLAZA, SILVER SPRING, MD (12pm – 4pm) DECEMBER 13, 2025  – OLD TOWN ALEXANDRIA CHRISTMAS MARKET AND HOLIDAY CRAFT SHOW – JOHN CARYLE SQUARE, ALEXANDRIA, VA (11am – 4pm)",EVENT,2,https://chiceventsdc.com/2025-multiple-events-vendor-registration/,252,43
"DECEMBER 13th  – NATIONAL HARBOR CHRISTMAS MARKET AND HOLIDAY CRAFT SHOW – AMERICAN WAY PARK, NATIONAL HARBOR, MD (12pm – 6pm) DECEMBER 14th – NATIONAL HARBOR CHRISTMAS MARKET AND HOLIDAY CRAFT SHOW – AMERICAN WAY PARK, NATIONAL HARBOR, MD (12pm – 6pm) DECEMBER 20th – NATIONAL HARBOR CHRISTMAS MARKET AND HOLIDAY CRAFT SHOW – AMERICAN WAY PARK, NATIONAL HARBOR, MD (12pm – 6pm)",NON-EVENT,1,https://chiceventsdc.com/2025-multiple-events-vendor-registration/,378,63
"DECEMBER 20, 2025 – WOODBRIDGE/ STONEBRIDGE ARTS & CRAFTS CHRISTMAS MARKET AND HOLIDAY CRAFT SHOW - STONEBRIDGE, WOODBRIDGE VA (5pm – 9pm)",EVENT,3,https://chiceventsdc.com/2025-multiple-events-vendor-registration/,138,22
"DECEMBER 21st – NATIONAL HARBOR CHRISTMAS MARKET AND HOLIDAY CRAFT SHOW – AMERICAN WAY PARK, NATIONAL HARBOR, MD (12pm – 6pm) If Vendor registers for ONE event ONLY, a $15 processing fee will be added to the total amount included in the invoice; please use the SINGLE VENDOR REGISTRATION FORM if you register for only 1 event. There is NO processing fee for Multiple Events Registration Clothing & Accessories (handmade products only) Vendor Booth Payment (fees vary based on the event type. Fees are per event. For for specific pricing, please check each event's registration page) Arts & Crafts Single Booth, 10x10 - $145-$399 Arts & Crafts Double Booth, 10x20 - $245-$449 Clothing & Accessories Single Booth, 10x10 - $165-$359 Clothing & Accessories Double Booth, 10x20 - $265-$549 Independent Consultants for Direct Sales Single Booth, 10x10 - $165-$299 Independent Consultants for Direct Sales Double Booth, 10x20 - $265-$449 Ice Cream Single Booth, 10x10 Space - $199 - $695 Ice Cream Truck - $299-$695 Snow Cone/ Shaved Ice Truck - $299 - $695 Snow Cone/ Shaved Ice, Single Booth, 10x10 Space - $199 - $695 Smoothies Single Booth, 10x10 Space - $199 - $695 Smoothies Truck - $299 - $695 Desserts, Treats & Spices Vendor Single Booth, 10x10 - $199-$699 Desserts, Treats & Spices Vendor Double Booth or Truck, 10x20 - $299-$799 Food Truck - $495 - $1,299 Food Tent Vendor Single Booth - $495 - $1,299 Food Tent Vendor Double Booth, 10x20 - $699 - $1,980 General Vendor Single Booth, 10x10 - $365 - $549 General Vendor Double Booth, 10x20 -  $645 - $899 Non-Profit Organization - $249 - $499 Credit Card Type (we do not take Amex and Discover) Additional Notes/ Requests (available on a first come, first serve basis). Fees vary depending on the event type. You will receive a separate invoice for it. Prime Booth Location ($45 - $75 additional) Corner Booth ($40 - $65 additional) Specific booth request - includes electricity request, where available ($35 additional) Tent Rental ($105 - $255 additional - includes tent weights, set up and break down) Vendor Marketing and Promotion ($50 - $250 additional) - Vendor will be promoted on all Chic Events DC's social media channels once a week for 4 weeks prior to the event date.",NON-EVENT,1,https://chiceventsdc.com/2025-multiple-events-vendor-registration/,2233,377
"White, NO Inscriptions Tents Are Required for all National Harbor events and the December 14, 2024 - Alexandria Christmas Market. Do you have a White No Inscriptions tent",EVENT,2,https://chiceventsdc.com/2025-multiple-events-vendor-registration/,170,28
"No (you are required to have a white, no inscriptions tent for this event) I need a tent (we provide tent rentals for this event for $165/ tent. Set up and break down included) Expiration Date (i.e. 06/22 list as 0622) Security Code/ CVV (3 digit number on the back of the card for Visa and MasterCard; AMEX not accepted) With the new refund policy from Square, processing fees will no longer be refunded, in case of a cancellation request happening within 30 minutes from the charge time. The reason for this change is to align with evolving costs from Square's network and payment partners and match current industry standards. Processing fees are calculated at 4.1% of the total invoice amount. In special cases as the COVID-19 pandemic, vendor understands that no refunds will be processed as to already inquired expenses on organizer’s behalf as venue rental fees, permits and licenses, advertising and promotion, etc. Organizer will work with vendors to offer credit options towards another festivals and events in the coming year, hence 2026; a tentative schedule of events will be released by mid/ late 2025.",NON-EVENT,0,https://chiceventsdc.com/2025-multiple-events-vendor-registration/,1116,187
"Chic Events DC is the producer of several cultural events, arts and crafts fairs, fashion shows, arts exhibitions, business and networking events and much more in the Washington DC, Virginia and Maryland. The Silver Spring Arts & Crafts seasonal fairs, the Around The World Cultural Food Festival and World Heritage festivals, and the Professional Women in DMV Networking events are just a few of the company’s signature events.",NON-EVENT,1,https://chiceventsdc.com/about/,428,68
"Cool Attendees only in 2024 Festivals in Washington DC area since 2015 Are you a Visitor or a Vendor? Click below to choose 🙂 We look forward to have you ENJOY our events! We look forward to have you JOIN our events! 2025 VENDOR REGISTRATION IS NOW OPEN If you are an Arts & Crafts, Food or Dessert, Direct Sales or General Vendor interested in participating in our event, register online at Welcome to Chic Events DC Come join our next event! Either as a Vendor or an Attendee, you will have a great time experiencing our array of uniquely themed events.",NON-EVENT,1,https://chiceventsdc.com/,555,102
"Whether you enjoy Arts & Crafts fairs, or want to experience the Culture and Traditions of different countries through food and cultural performances, or only to have fun on a Saturday or Sunday afternoon at one of our Family Fun events, then make sure you check out our 2025 Schedule of Festivals happening in the Washington DC Metro Area, Virginia and Maryland.",EVENT,2,https://chiceventsdc.com/,363,62
"CLICK HERE FOR VENDOR REGISTRATION FOR THE 2025 EVENTS 2025 SCHEDULE OF LIVE EVENTS CLICK HERE FOR VENDOR REGISTRATION CLICK HERE TO JOIN THE FACEBOOK GROUP Check out our newest Arts & Crafts Marketplace Group and the upcoming Virtual Marketplace Events! ENTER THE ARTS & CRAFTS MARKETPLACE GROUP Thank you so much for having us! It is our pleasure to be a part of your events. We are looking forward to next ones. T-Mobile, Brand Experience Assistant Manager Thank you for having Birds and Bees Boutique at the last event. We had a wonderful time and it was very well-organized.  We look forward to participating in the future. Owner,  Birds and Bees Boutique Thank you so much for putting on the amazing festival! The kids had an absolute blast and so did the parents! We had an excellent turnout and the sales were great! This is EXACTLY what I hoped it would be, total diversity, sampling people and food from all over the world. Standing here in the beer tent, looking at Hawaii, India, and Peru, side by side by side!! Attended the Around The World Cultural Food Festival in Washington DC Thanks for a beautiful festival today! Weather couldn’t have been better and loved to see all the kites in the sky! Attended the Festival of Kites at Ida Lee Park in Leesburg, VA Our entire family had a great time! Food was amazing and the selection of small vendors was great! Cannot wait for the next event. Attended World Heritage Festival at Riverfront Park in Fredericksburg, VA What Small Business Owners Need To Know About The New Round Of PPP Loans Do you qualify? And if so. where do you apply? Well… we have some answers below:   Round 2 of the SBA’s Paycheck Protection Program As more and more small business are struggling with making ends meet during this pandemic, we wanted to see if there are any options for Transition from Live to Virtual Events As we are all cooped up inside our homes and under the “stay at home” order which most states have in place currently, the events How to have a successful booth at vendor events Here are our top seven tips:   Keep It Simple. Keep your display simple and eye catching. … Draw People In. Make sure there’s a Vendors Due Your Diligence on Competition We have created this short weekly blog only to provide more help understanding both Vendors and Event Organizers and create a common ground for both I recently joined a Facebook group of arts & crafts vendors and while reading through different posts and comments, I realized that a lot of Come Join Us in the",NON-EVENT,1,https://chiceventsdc.com/,2517,447
Around The World Cultural Food Festival WE ARE COMING BACK IN 2025,NON-EVENT,1,https://chiceventsdc.com/around-the-world-cultural-food-festival/,66,12
"We are excited to announce that the Around the World Cultural Food festival is coming back in 2025 at ORONOCO BAY PARK, downtown Old Town Alexandria, VA, on Saturday, August 23, 2025 from 11 AM – 7 PM!!",EVENT,3,https://chiceventsdc.com/around-the-world-cultural-food-festival/,202,38
"Oronoco Bay Park is a 4.5-acre park located on the waterfront, which allows for social distancing and the ability for everyone to comply with CDC’s and County’s covid regulations. The event is ADMISSION FREE, with plenty of food and beverages available for purchase. Come enjoy delicious foods from around the world while watching a diverse folk show with singers and dancers from different countries, as well as a fashion show with traditional outfits from some of our participating countries. Around The World Cultural Food Festival creates a Cultural and Educational Experience like no other in the DMV. Our restaurants do not only sell food; they showcase, educate and teach their culture through food. With only one (1) restaurant per country ~ we are carefully selecting the best of the best for our attendees! The festival delivers a once in a year experience in which our vendors are encouraged to present The Best of The Best from their countries. Where you can find us — Oronoco Bay Park, 100 Madison St, Alexandria, VA 22314 (downtown Old Town Alexandria). If you are a Vendor interested in being part of the event, please register on the link below: ***Please note that the event is being held in accordance with the CDC and Virginia Health Department’s regulations.",NON-EVENT,0,https://chiceventsdc.com/around-the-world-cultural-food-festival/,1278,213
All Events are Admission Free.,NON-EVENT,0,https://chiceventsdc.com/national-harbor-arts-crafts-fair/,30,5
"Do you qualify? And if so. where do you apply? Well… we have some answers below:   Round 2 of the SBA’s Paycheck Protection Program (PPP) opened on Monday, Jan. 11, 2021. For the first week of PPP2, the program is only available to small businesses applying at community financial institutions (CFIs). These lenders provide funding […] As more and more small business are struggling with making ends meet during this pandemic, we wanted to see if there are any options for arts and crafts vendors to maybe find funding for our fellow artisans. This pandemic hit home for so many of us and it’s really encouraging to see efforts from government […] As we are all cooped up inside our homes and under the “stay at home” order which most states have in place currently, the events industry, all together, has been faced with a new challenge – how to survive the novel coronavirus pandemic?  Event organizers together with arts and crafts vendors, food vendors, independent consultants […] Here are our top seven tips:   Keep It Simple. Keep your display simple and eye catching. … Draw People In. Make sure there’s a reason for people to stop by, and more importantly stay, at your booth. … Stay Front and Center. Never sit or stand behind your booth. … Be Smart About Your […] We have created this short weekly blog only to provide more help understanding both Vendors and Event Organizers and create a common ground for both parties. Please remember that this should be a team work, not a competition. We are involved with both parties on a regular basis and we hope this weekly blog will […] I recently joined a Facebook group of arts & crafts vendors and while reading through different posts and comments, I realized that a lot of vendors are complaining about different events they participated in and blaming the organizer for the lack of advertising. While in some cases this could be true, vendors also need to […] We are introducing you to the latest trends in the Events industry from the best designers worldwide. We are also showcasing the most fashionable events in the Washington DC Metro Area, so make sure you follow our blog! Enjoy!!",NON-EVENT,1,https://chiceventsdc.com/blog/,2148,374
2023 Attendance per Event ~ 2022 Attendance per Event ~,NON-EVENT,1,https://chiceventsdc.com/old-town-alexandria-arts-crafts-fair/,55,10
"Old Town Manassas Christmas Market Silver Spring Arts & Crafts Arts & Crafts Summer Fair – Silver Spring, MD Arts & Crafts Spring Fair – Silver Spring, MD – Silver Spring Arts & Crafts Fall Fair – Silver Spring Arts & Crafts Summer Fair – Manassas Arts & Crafts Summer Fair – Silver Spring Arts & Crafts Spring Fair Holiday Arts & Crafts Fair – Silver Spring Holiday Arts & Crafts Fair Arts & Crafts Fall Fair – Clarendon Central Park – Crafts & Pizza Holiday Fine Arts & Crafts",NON-EVENT,0,https://chiceventsdc.com/arts-crafts-event-photos/,478,90
"2019, Sept.14 – World Heritage Festival & Festival of Kites ~ Manassas, VA 2019, Sept.7 – World Heritage & Festival of Kites ~ Richmond, VA",NON-EVENT,1,https://chiceventsdc.com/cultural-events-photos/,139,25
"2019, August 24,World Heritage Festival &",EVENT,2,https://chiceventsdc.com/cultural-events-photos/,41,6
"Festival of Kites – Leesburg, VA Around the World Cultural Food Festival –  Freedom Plaza, Washington DC 2019, August, International Food & Craft Fair – Silver Spring, MD 2019, July, World Heritage Festival ~ Baltimore, MD",NON-EVENT,0,https://chiceventsdc.com/cultural-events-photos/,222,36
"2019, June 29, World Heritage Festival ~ Fredericksburg, VA 2019 June 23, World Heritage Festival ~ Silver Spring, MD",EVENT,2,https://chiceventsdc.com/cultural-events-photos/,117,19
"World Heritage Festival & Festival of Kites ~  Leesburg,VA Latin Heritage Festival – Silver Spring, MD World Heritage Festival ~ Manassas, VA 2018, June, World Heritage Festival –",NON-EVENT,0,https://chiceventsdc.com/cultural-events-photos/,179,28
"Taste of the World Cultural Festival – October 2017, Dumfries,VA Taste of the World Cultural Festival – August 2017, Leesburg, VA Around the World Cultural Food Festival – June 2017, National Mall, Washinghton DC",EVENT,2,https://chiceventsdc.com/cultural-events-photos/,212,34
"You are invited to be part of our Arts & Crafts events! Our Vendors will enchant you with their wide selection of products and our food vendors will delight you with their array of dishes. Kids will enjoy face painters, henna artist and balloon twister (these vary from event to event). All our events are Admission Free. To register for the Arts & Crafts Fairs, please click HERE or one one of the Event Flyers below: May Old Town Alexandria Art Show and Spring Craft Fair/ Mother’s Day Celebration ~ Veterans Plaza, Silver Spring, MD   ~ May Silver Spring Arts & Crafts Spring Fair/ Mother’s Day Celebration ~ Veterans Plaza, Silver Spring, MD   ~ October Silver Spring Arts & Crafts Fall Fair – Veterans Plaza, Silver Spring, MD ~ Old Town Manassas Art Show and Fall Craft Fair ~ Manassas Museum, Manassas, VA – 1,500 people December Silver Spring Christmas Market and Holiday Craft Show – Veterans Plaza, Silver Spring, MD  ~ December Old Town Manassas Christmas Market and Holiday Craft Show – Manassas Museum, Manassas, VA – December Old Town Alexandria Christmas Market and Holiday Craft Show – John Carlyle Square, Alexandria, VA ~ TBA",NON-EVENT,1,https://chiceventsdc.com/silver-spring-arts-crafts-fair/,1143,196
"Use code ""LOVE"" to save 10% on All Virtual Runs and Running Medals Log 2025 Full Moon Miles Here Item added to your cart JOIN OUR VIP MEMBERSHIP PROGRAM! You can still join our 2025 Full Moon Challenge to learn about our VIP Membership Program and Saving 50% on ALL Races! VIEW ALL SUBMITTED RESULTS HERE! Submitting results is optional.  They are all collected in a spreadsheet and you can view the spreadsheet with results HERE! Let customers speak for us Great looking medals. Fun time. Used this as a chance to get the kids moving. Bought  crazy socks and made it an activity. I have been using the medals to help with my weight lost. Currently  down 74lbs. CLEARANCE - 2024 National Sock Day 1M 5K 10K 13.1 26.2 Be Kind to Your Mind 5k This is a beautiful medal! So glad to support a good cause. 2025 Be Kind to Your Mind 1M 5K 10K 13.1 26.2- Benefitting Mental Health America One of my funniest and cutest medals ever! 2025 BIGFOOT! 1M 5K 10K 13.1 26.2- Benefitting The National Park Foundation I currently have a few family friends fighting cancer and have lost 2 close friends to cancer. So this run meant a lot to me. I was PROUD to run this race :) 2025 World Cancer Day 1M 5K 10K 13.1 26.2- Benefitting Stand Up To Cancer Great medal and always interested in helping our Mother Earth 2025 Earth Day 1M 5K 10K 13.1 26.2- Benefitting Wild Earth Allies Race Through Texas Medal and Bib Great way to Kick of Spring This is an adorable medel with such cute detail.  Thought it would make a great ""welcome to spring"" race. 2025 Welcome to My Garden 1M 5K 10K 13.1 26.2- Benefitting Growing Hope Globally Be Kind to Your Mind Beautiful medal and great cause 2025 Race to Read 5k I am a huge reader and am trying to get back into running. The medal is beautiful and hangs nicely in my library 2025 Race to Read 1M 5K 10K 13.1 26.2 - Benefitting Donors Choose Anytime you can save money on something you love it's a win win! Virtual Run Events VIP Member and Loyalty Program! The Truth Is Out There 10k Great way to keep motivated, Currently  using the 5k-10k to stay active during  my weight lost journey.  Down 74lbs so far. Definitely  will continue, shipping  was fast and I have my eye on two more medal to add to my newly  started collection/ hobby. 2025 The Truth Is Out There 1M 5K 10K 13.1 26.2 - Benefitting National MS Society Love the metal, reminds of living there and enjoying my time there. Race Through North Carolina Medal and Bib CLEARANCE - 2024 Halfling Hustle 1M 5K 10K 13.1 26.2",NON-EVENT,0,https://www.virtualrunevent.com/pages/2025-full-moon-challenge-1,2502,464
"We created Virtual Run Events in April 2015 because we LOVE running! And even more, we LOVE connecting with runners.",EVENT,2,https://www.virtualrunevent.com/pages/2025-full-moon-challenge-1,116,20
Do not sell or share my personal information Choosing a selection results in a full page refresh. Opens in a new window.,NON-EVENT,0,https://www.virtualrunevent.com/pages/2025-full-moon-challenge-1,120,22
Out of stock (0 products) The highest price is $699.00 2025 Cat Day 1M 5K 10K 13.1 26.2 - Benefits Alley Cat Allies 2025 Day of the Dog 1M 5K 10K 13.1 26.2 – Benefitting Freedom Service Dogs of America 2025 Easter 1M 5K 10K 13.1 26.2- Benefitting Easter Seals 2025 Elephant Stampede 1M 5K 10K 13.1 26.2- Benefitting The Elephant Sanctuary,NON-EVENT,0,https://www.virtualrunevent.com/collections/all,338,62
"2025 Fourth of July 1M, 5K, 10K, 13.1, 26.2 – Benefitting Homes for Our Troops",EVENT,2,https://www.virtualrunevent.com/collections/all,78,15
"2025 Full Moon Challenge 12K and 12M - Benefits Soles 4 Souls 2025 Global Running Day 1M, 5K, 10K, 13.1, 26.2 – Benefitting Soles 4 Souls",NON-EVENT,1,https://www.virtualrunevent.com/collections/all,137,26
"2025 Gobble Til You Wobble 1M, 5K, 10K, 13.1, 26.2 – Benefitting Feeding America - Starts Shipping Out September 2025",EVENT,2,https://www.virtualrunevent.com/collections/all,117,20
2025 Happy Birthday To Me 2025- Benefitting Make a Wish Foundation 2025 I Have a Dream 1M 5K 10K 13.1 26.2- Benefits Equal Justice Initiative 2025 International Women's Day 1M 5K 10K 13.1 26.2 2025 I’m Your Huckleberry 1M 5K 10K 13.1 26.2 - Benefits First Star (medals start shipping out mid-July). 2025 Memorial Day 1M 5K 10K 13.1 26.2- Benefitting Operation Gratitude,NON-EVENT,1,https://www.virtualrunevent.com/collections/all,369,63
Race Through America Series - ALL 50 MEDALS AND BIBS! Race Through Florida Medal and Bib Race Through Ohio Medal and Bib Race Through California Medal and Bib Race Through Indiana 1M 5K 10K 13.1 26.2 Medal and Bib Race Through Virginia 1M 5K 10K 13.1 26.2 Medal and Bib Race Through Arizona  Medal and Bib Race Through Alaska Medal and Bib Race Through Hawaii Medal and Bib Race Through Washington Medal and Bib Race Through Colorado  Medal and Bib Race Through Louisiana Medal and Bib Race Through Michigan Medal and Bib,NON-EVENT,0,https://www.virtualrunevent.com/collections/race-thru-america-series,521,92
Make A Difference....One Race At A Time,NON-EVENT,0,https://www.virtualrunevent.com/pages/about-us,39,7
"We created Virtual Run Events in April 2015 because we LOVE running! And even more, we LOVE connecting with runners. Shortly after we created Moon Joggers, we began to realize that we could encourage people to get out and get moving, AND make a difference throughout the world by creating fun and unique events to raise money for various charities and causes. For each event we design a unique medal, invite people to get out and run (or walk) their own race, at their own pace and choose a charity to donate a portion of the proceeds to.",EVENT,2,https://www.virtualrunevent.com/pages/about-us,538,98
"We are on a quest to help provide food, shoes, schools, school supplies, water, toilets, toys and other needed things to people throughout the world and it is all happening through our Virtual Run Events. We love being involved in the running community and have made so many new running friends from all over the world. Thank you so much for participating! We are making a difference…one race at a time! With each virtual race we hold we choose a charity to raise funds for. Between Virtual Run Events and our sister site, Moon Joggers, we have donated more than $1,000,000 to charities around the world! *Cancellation/Refunds: Unfortunately, we cannot offer a refund for these events. We  have to immediately spend the money on ordering for the medals, bibs and shipping, so all sales are final. What is a Virtual Race? A virtual race is a race that can be run (or walked) from any location you choose. You can run, jog, or walk on the road, on the trail, on the treadmill, at the gym or on the track (or even at another race). You get to run your own race, at your own pace, and time it yourself. Running and walking on your own, or with friends! And your medal will be shipped directly to you. Complete a virtual 5Ks, 10K, half marathon and more! Each race benefits a difference charity For each of our virtual races, we choose a charity to donate a portion of each registration to. We’ve already raised more than $1,00,000 for charities from races here at Virtual Run Events!  Our goal is to continue to help different charities around the world",NON-EVENT,0,https://www.virtualrunevent.com/pages/about-us,1549,278
"As described in our Privacy Policy, we collect personal information from your interactions with us and our website, including through cookies and similar technologies. We may also share this personal information with third parties, including advertising partners. We do this in order to show you ads on other websites that are more relevant to your interests and for other reasons outlined in our privacy policy. Sharing of personal information for targeted advertising based on your interaction on different websites may be considered ""sales"", ""sharing"", or ""targeted advertising"" under certain U.S. state privacy laws. Depending on where you live, you may have the right to opt out of these activities. If you would like to exercise this opt-out right, please follow the instructions below. If you visit our website with the Global Privacy Control opt-out preference signal enabled, depending on where you are, we will treat this as a request to opt-out of activity that may be considered a “sale” or “sharing” of personal information or other uses that may be considered targeted advertising for the device and browser you used to visit our website.",NON-EVENT,0,https://www.virtualrunevent.com/pages/do-not-sell-or-share-my-personal-information,1152,184
"My Blog - Virtual Races and More! Virtual 5K Race: Ultimate Guide to a Modern Run... In the ever-evolving world of fitness, virtual races have emerged as a popular and innovative way to participate in running events. Among these, the virtual 5K race stands out as... What Is A Virtual Race? A virtual race is a type of running event that allows participants to complete the race distance at their own pace and location, rather than attending a traditional race in... Training Programs for Virtual Runs: 5K to Marathon Embarking on a virtual run offers a unique way to challenge yourself and achieve personal fitness goals, but to get the most out of your virtual race experience, a well-planned... Virtual Runs Overview: Everything You Need to Know In recent years, virtual runs have surged in popularity, offering runners a unique and flexible way to participate in races without the constraints of traditional in-person events. These races have...",NON-EVENT,0,https://www.virtualrunevent.com/blogs/news,949,157
The highest price is $99.00 2025 New Year Challenge - Year of the Snake 2.025 Mile 20.25 Mile 202.5 MILE- Benefitting Soles4Souls 2025 See the World a Different Way 1M 5K 10K 13.1 26.2- Benefitting The Doug Flutie Jr Foundation for Autism STICKER - Run with Heart 2025 We Rise Together 1M 5K 10K 13.1 26.2 - Benefitting Rise Against Hunger CLEARANCE - 2024 Kindness is Free 1M 5K 10K 13.1 26.2 CLEARANCE - 2024 One Hit Wonder 1M 5K 10K 13.1 26.2 50K 50M 100K 100M STICKER -  I’m Your Huckleberry STICKER RACES - Stickers and Bibs,NON-EVENT,0,https://www.virtualrunevent.com/collections/clearance-race-medals-and-gear,529,98
"! We strive to deliver your orders promptly and efficiently. Please review our shipping policy below: All orders are processed within Orders placed on weekends or holidays will begin processing on the next business day. Shipping Rates & Delivery Estimates Shipping charges are calculated at checkout and depend on the delivery location and chosen shipping method. Estimated delivery times are as follows: Delivery times may vary due to factors outside our control, such as customs processing for international orders or unforeseen carrier delays. We currently ship worldwide. However, delivery to certain remote locations may take longer. Once your order is shipped, you will receive an email with a tracking number. Use this to monitor your order's progress via our shipping partner’s website. While we ensure proper packaging for your orders, we cannot guarantee against damages or loss during transit. If your item is lost or arrives damaged, please contact us within of delivery with the following: Photos of the damaged item and packaging We will work with the carrier to resolve the issue or offer a replacement if necessary. For international orders, customs fees, import duties, or taxes may apply. These charges are the buyer's responsibility and are determined by the destination country's policies. We recommend checking with your local customs office for further information. If you have any questions about our shipping policy, feel free to reach out to our support team at: We’re here to assist you and ensure your Virtual Run Event experience is exceptional!",NON-EVENT,0,https://www.virtualrunevent.com/policies/shipping-policy,1573,248
Making a Difference…One Race at a Time. Clearance Race Medals and Gear CHECK OUT ALL OF OUR RACES! Pack of 100 Running Themed Stickers,NON-EVENT,0,https://www.virtualrunevent.com/,134,24
Don’t forget to use code  GIVE50 to save 50% on !  This codes expires December 25th! Sign up for races,NON-EVENT,0,https://www.virtualrunevent.com/pages/enter-to-win,102,20
"VIP MEMBERSHIP AND LOYALTY PROGRAM Join the Club: VIP Membership for Virtual Run Events Unlock the ultimate experience for runners, walkers, and fitness lovers alike with our For just one yearly fee, you’ll gain exclusive access to 50% off on our website — all year long. Whether you're collecting medals, crushing goals, or gifting gear, the savings add up fast. Plus, you'll be added to our Loyalty Program, which is for Members Only and allows you to earn points to earn store credit to save even more on races! But that’s not all. As a VIP, you'll also receive and surprise bonuses sent straight to your inbox throughout the year — think early access, limited-edition swag, and more insider benefits that make your journey even more rewarding. Save Big. Run More. Get Rewarded. Join today and make every mile count. Saving 50% on each race is the same as getting two races for the price of one!",NON-EVENT,0,https://www.virtualrunevent.com/pages/vip-membership-and-loyalty-program,898,157
When you purchase a medal it comes with a bib where you can write your name and results.  Some people have asked for a bib they can print out. Below you can print a generic bib and fill in the details on your own. You can also print out a generic completion certificate and fill it out.  Thanks!,NON-EVENT,0,https://www.virtualrunevent.com/pages/print-a-bib,295,58
"Get 15% off your purchase of virtual runs and running medals when you sign up for our newsletter! SUBMIT YOUR VIRTUAL RACE RESULTS Thank you so much for participating in our virtual runs!  Once you are signed up, you can complete your race and then submit your results.  Submitting your results is optional. Running medals will ship out within 2 to 5 days of signing up, unless otherwise specified. *You do not have to be logged in to the website to submit your results. Click Here To Submit Virtual Race Results 2025 Full Moon Challenge Participants IF YOU HAVE SIGNED UP FOR OUR 2025 FULL MOON CHALLENGE YOU CAN CLICK THE LINK BELOW TO GET TO YOUR PARTICIPANT DASHBOARD WHERE YOU CAN LOG YOUR MILES. YOU WILL HAVE TO LOG IN ON THAT SITE USING THE SAME EMAIL YOU USED WHEN YOU SIGNED UP FOR THE CHALLENGE. LOG YOUR 2025 FULL MOON MILES HERE Print a Bib and Finisher's Certificate for Virtual Runs CLICK HERE TO PRINT A BIB OR FINISHER’S CERTIFICATE CLICK HER TO PRINT BIB AND CERTIFICATE",NON-EVENT,0,https://www.virtualrunevent.com/pages/submit-results,988,179
STICKER - Sorry For What I said When I was Hungry ULTIMATE PACKAGE: 25 MEDALS and BIBS + 9 STICKER RACES and BIBS PACKAGE! STICKER - LIVE LOVE FIGHT STICKER: Stronger Than The Storm STICKER: Just One More Mile STICKER -  Buttered Biscuit Cat,NON-EVENT,0,https://www.virtualrunevent.com/collections/stickers,241,44
